{
  "properties": {
    "connectionReferences": {
      "shared_commondataserviceforapps": {
        "runtimeSource": "embedded",
        "connection": {
          "connectionReferenceLogicalName": "tfl_DataverseConnectionReference"
        },
        "api": {
          "name": "shared_commondataserviceforapps"
        }
      }
    },
    "definition": {
      "$schema": "https://schema.management.azure.com/providers/Microsoft.Logic/schemas/2016-06-01/workflowdefinition.json#",
      "contentVersion": "1.0.0.0",
      "parameters": {
        "$connections": {
          "defaultValue": {},
          "type": "Object"
        },
        "$authentication": {
          "defaultValue": {},
          "type": "SecureObject"
        }
      },
      "triggers": {
        "manual": {
          "metadata": {
            "operationMetadataId": "5fdec6e1-9520-4003-9bd3-10d8c808f75c"
          },
          "type": "Request",
          "kind": "Button",
          "inputs": {
            "schema": {
              "type": "object",
              "properties": {},
              "required": []
            }
          }
        }
      },
      "actions": {
        "Get_Transport_for_London_business_unit": {
          "runAfter": {
            "Get_root_bu": [
              "Succeeded"
            ]
          },
          "metadata": {
            "operationMetadataId": "434dba59-cba0-471a-8dd8-5c42ad75c323"
          },
          "type": "OpenApiConnection",
          "inputs": {
            "host": {
              "connectionName": "shared_commondataserviceforapps",
              "operationId": "GetItem",
              "apiId": "/providers/Microsoft.PowerApps/apis/shared_commondataserviceforapps"
            },
            "parameters": {
              "entityName": "businessunits",
              "recordId": "b194489d-4794-ef11-8a69-002248d4bbca"
            },
            "authentication": {
              "type": "Raw",
              "value": "@json(decodeBase64(triggerOutputs().headers['X-MS-APIM-Tokens']))['$ConnectionKey']"
            }
          }
        },
        "Create_Transport_for_London_business_unit": {
          "runAfter": {
            "Get_Transport_for_London_business_unit": [
              "Failed"
            ]
          },
          "metadata": {
            "operationMetadataId": "1c6cb661-59f8-4063-b1af-b647838b1960"
          },
          "type": "OpenApiConnection",
          "inputs": {
            "host": {
              "connectionName": "shared_commondataserviceforapps",
              "operationId": "CreateRecord",
              "apiId": "/providers/Microsoft.PowerApps/apis/shared_commondataserviceforapps"
            },
            "parameters": {
              "entityName": "businessunits",
              "item/name": "Transport For London",
              "item/businessunitid": "b194489d-4794-ef11-8a69-002248d4bbce",
              "item/parentbusinessunitid@odata.bind": "/businessunits(@{first(outputs('Get_root_bu')?['body/value'])?['businessunitid']})"
            },
            "authentication": {
              "type": "Raw",
              "value": "@json(decodeBase64(triggerOutputs().headers['X-MS-APIM-Tokens']))['$ConnectionKey']"
            }
          }
        },
        "Get_root_bu": {
          "runAfter": {},
          "metadata": {
            "operationMetadataId": "b5dc4e75-38f3-4995-afcf-328ee6386707"
          },
          "type": "OpenApiConnection",
          "inputs": {
            "host": {
              "connectionName": "shared_commondataserviceforapps",
              "operationId": "ListRecords",
              "apiId": "/providers/Microsoft.PowerApps/apis/shared_commondataserviceforapps"
            },
            "parameters": {
              "entityName": "businessunits",
              "$filter": "(_parentbusinessunitid_value eq null)",
              "$orderby": "createdon asc",
              "$top": 1
            },
            "authentication": {
              "type": "Raw",
              "value": "@json(decodeBase64(triggerOutputs().headers['X-MS-APIM-Tokens']))['$ConnectionKey']"
            }
          }
        },
        "Get_default_service_account": {
          "runAfter": {},
          "metadata": {
            "operationMetadataId": "90a131d9-d82b-4086-82e2-8f2820ad353c"
          },
          "type": "OpenApiConnection",
          "inputs": {
            "host": {
              "connectionName": "shared_commondataserviceforapps",
              "operationId": "GetItem",
              "apiId": "/providers/Microsoft.PowerApps/apis/shared_commondataserviceforapps"
            },
            "parameters": {
              "entityName": "accounts",
              "recordId": "8e915e8c-5794-ef11-8a69-002248d4bbce"
            },
            "authentication": {
              "type": "Raw",
              "value": "@json(decodeBase64(triggerOutputs().headers['X-MS-APIM-Tokens']))['$ConnectionKey']"
            }
          }
        },
        "Create_Default_Service_Account": {
          "runAfter": {
            "Get_default_service_account": [
              "Failed"
            ]
          },
          "metadata": {
            "operationMetadataId": "e94e84d8-0ba2-4f43-995b-da3b276ad004"
          },
          "type": "OpenApiConnection",
          "inputs": {
            "host": {
              "connectionName": "shared_commondataserviceforapps",
              "operationId": "CreateRecord",
              "apiId": "/providers/Microsoft.PowerApps/apis/shared_commondataserviceforapps"
            },
            "parameters": {
              "entityName": "accounts",
              "item/name": "Default Service Account",
              "item/accountid": "8e915e8c-5794-ef11-8a69-002248d4bbce"
            },
            "authentication": {
              "type": "Raw",
              "value": "@json(decodeBase64(triggerOutputs().headers['X-MS-APIM-Tokens']))['$ConnectionKey']"
            }
          }
        }
      }
    },
    "templateName": null
  },
  "schemaVersion": "1.0.0.0"
}