{
  "properties": {
    "connectionReferences": {
      "shared_commondataserviceforapps_1": {
        "runtimeSource": "embedded",
        "connection": {
          "connectionReferenceLogicalName": "tfl_DataverseConnectionReference"
        },
        "api": {
          "name": "shared_commondataserviceforapps"
        }
      }
    },
    "definition": {
      "$schema": "https://schema.management.azure.com/providers/Microsoft.Logic/schemas/2016-06-01/workflowdefinition.json#",
      "contentVersion": "1.0.0.0",
      "parameters": {
        "$connections": {
          "defaultValue": {},
          "type": "Object"
        },
        "$authentication": {
          "defaultValue": {},
          "type": "SecureObject"
        },
        "dynamicscrmonline.entityName": {
          "defaultValue": "",
          "type": "String"
        }
      },
      "triggers": {
        "manual": {
          "splitOn": "@triggerBody()['rows']",
          "metadata": {
            "operationMetadataId": "b403259f-2b8f-4620-b387-7fbfbba35c95"
          },
          "type": "Request",
          "kind": "ApiConnection",
          "inputs": {
            "schema": {
              "type": "object",
              "properties": {
                "rows": {
                  "type": "array",
                  "items": {
                    "type": "object",
                    "properties": {
                      "entity": {
                        "type": "object",
                        "properties": {
                          "tfl_observationid": {
                            "title": "Observation",
                            "type": "string",
                            "format": "guid"
                          },
                          "tfl_observationsubject": {
                            "title": "Observation Subject",
                            "type": "string"
                          }
                        },
                        "required": [
                          "tfl_observationid",
                          "tfl_observationsubject"
                        ]
                      }
                    },
                    "required": [
                      "entity"
                    ]
                  }
                }
              },
              "required": [
                "rows"
              ]
            },
            "host": {
              "connection": {
                "name": "@parameters('$connections')['shared_commondataserviceforapps_1']['connectionId']"
              }
            },
            "operationId": "RecordSelected",
            "parameters": {
              "entityName": "tfl_observations"
            }
          },
          "runtimeConfiguration": {
            "concurrency": {
              "runs": 1
            }
          }
        }
      },
      "actions": {
        "Get_the_linked_Case_on_observation": {
          "runAfter": {},
          "metadata": {
            "operationMetadataId": "03fe8d57-741c-494d-8eac-b542cfcc84e3"
          },
          "type": "OpenApiConnection",
          "inputs": {
            "host": {
              "connectionName": "shared_commondataserviceforapps_1",
              "operationId": "GetItem",
              "apiId": "/providers/Microsoft.PowerApps/apis/shared_commondataserviceforapps"
            },
            "parameters": {
              "entityName": "tfl_observations",
              "recordId": "@triggerBody()?['entity']?['tfl_observationid']"
            },
            "authentication": {
              "type": "Raw",
              "value": "@json(decodeBase64(triggerOutputs().headers['X-MS-APIM-Tokens']))['$ConnectionKey']"
            }
          }
        },
        "Check_for_any_linked_cases_on_observation": {
          "actions": {
            "Linked_Case_already_exists": {
              "runAfter": {},
              "metadata": {
                "operationMetadataId": "8694ccf4-b730-401d-98e5-9fc534fd8487"
              },
              "type": "Terminate",
              "inputs": {
                "runStatus": "Cancelled"
              }
            }
          },
          "runAfter": {
            "Get_the_linked_Case_on_observation": [
              "Succeeded"
            ]
          },
          "expression": {
            "equals": [
              "@empty(outputs('Get_the_linked_Case_on_observation')?['body/_tfl_linkedcase_value'])",
              "@false"
            ]
          },
          "metadata": {
            "operationMetadataId": "30a83f82-c2fa-4699-8ac4-b1d80f81a827"
          },
          "type": "If"
        },
        "Create_a_New_Case": {
          "runAfter": {
            "Check_for_any_linked_cases_on_observation": [
              "Succeeded"
            ]
          },
          "metadata": {
            "operationMetadataId": "94062f97-d0d2-4475-921e-81b9e8af2d8f"
          },
          "type": "OpenApiConnection",
          "inputs": {
            "host": {
              "connectionName": "shared_commondataserviceforapps_1",
              "operationId": "CreateRecord",
              "apiId": "/providers/Microsoft.PowerApps/apis/shared_commondataserviceforapps"
            },
            "parameters": {
              "entityName": "incidents",
              "item/title": "@outputs('Get_the_linked_Case_on_observation')?['body/tfl_observationsubject']",
              "item/casetypecode": 2,
              "item/customerid_account@odata.bind": "/accounts(8e915e8c-5794-ef11-8a69-002248d4bbce)",
              "item/description": "@outputs('Get_the_linked_Case_on_observation')?['body/tfl_observationdescription']",
              "item/prioritycode": "@outputs('Get_the_linked_Case_on_observation')?['body/tfl_issafetycritical']"
            },
            "authentication": {
              "type": "Raw",
              "value": "@json(decodeBase64(triggerOutputs().headers['X-MS-APIM-Tokens']))['$ConnectionKey']"
            }
          }
        },
        "Update_the_observation_with_linked_case_and_set_inactive": {
          "runAfter": {
            "Create_a_New_Case": [
              "Succeeded"
            ]
          },
          "metadata": {
            "operationMetadataId": "22f7b608-387e-4907-a563-46b54d14395c"
          },
          "type": "OpenApiConnection",
          "inputs": {
            "host": {
              "connectionName": "shared_commondataserviceforapps_1",
              "operationId": "UpdateRecord",
              "apiId": "/providers/Microsoft.PowerApps/apis/shared_commondataserviceforapps"
            },
            "parameters": {
              "entityName": "tfl_observations",
              "recordId": "@triggerBody()?['entity']?['tfl_observationid']",
              "item/tfl_LinkedCase@odata.bind": "/incidents(@{outputs('Create_a_New_Case')?['body/incidentid']})",
              "item/statecode": 1,
              "item/statuscode": 2
            },
            "authentication": {
              "type": "Raw",
              "value": "@json(decodeBase64(triggerOutputs().headers['X-MS-APIM-Tokens']))['$ConnectionKey']"
            }
          }
        },
        "Create_a_new_Email": {
          "runAfter": {
            "Get_Operational_Manager_Details": [
              "Succeeded"
            ]
          },
          "metadata": {
            "operationMetadataId": "420c0624-943d-4e2b-9cf4-bbe7ebc81f13"
          },
          "type": "OpenApiConnection",
          "inputs": {
            "host": {
              "connectionName": "shared_commondataserviceforapps_1",
              "operationId": "CreateRecord",
              "apiId": "/providers/Microsoft.PowerApps/apis/shared_commondataserviceforapps"
            },
            "parameters": {
              "entityName": "emails",
              "item/activitypointer_activity_parties": [
                {
                  "participationtypemask": 2,
                  "partyid@odata.bind": "/systemusers(@{outputs('Update_the_observation_with_linked_case_and_set_inactive')?['body/_createdby_value']})"
                }
              ],
              "item/description": "Dear @{outputs('Get_Operational_User_Details')?['body/fullname']},\n\nThis is to inform you that observation @{triggerBody()?['entity']?['tfl_observationsubject']} has been converted to a Case @{outputs('Create_a_New_Case')?['body/ticketnumber']} on @{outputs('Create_a_New_Case')?['body/createdon']}. Please take necessary actions.\n\nRegards,\nTFL Operations Team",
              "item/regardingobjectid_tfl_observation_email@odata.bind": "/tfl_observations(@{triggerBody()?['entity']?['tfl_observationid']})",
              "item/subject": "Observation @{outputs('Update_the_observation_with_linked_case_and_set_inactive')?['body/tfl_observationsubject']} has been converted to Case "
            },
            "authentication": {
              "type": "Raw",
              "value": "@json(decodeBase64(triggerOutputs().headers['X-MS-APIM-Tokens']))['$ConnectionKey']"
            }
          }
        },
        "Get_Operational_User_Details": {
          "runAfter": {
            "Update_the_observation_with_linked_case_and_set_inactive": [
              "Succeeded"
            ]
          },
          "metadata": {
            "operationMetadataId": "be00a18d-8975-4388-ac90-42ff94247d0b"
          },
          "type": "OpenApiConnection",
          "inputs": {
            "host": {
              "connectionName": "shared_commondataserviceforapps_1",
              "operationId": "GetItem",
              "apiId": "/providers/Microsoft.PowerApps/apis/shared_commondataserviceforapps"
            },
            "parameters": {
              "entityName": "systemusers",
              "recordId": "@outputs('Update_the_observation_with_linked_case_and_set_inactive')?['body/_createdby_value']"
            },
            "authentication": {
              "type": "Raw",
              "value": "@json(decodeBase64(triggerOutputs().headers['X-MS-APIM-Tokens']))['$ConnectionKey']"
            }
          }
        },
        "Get_Operational_Manager_Details": {
          "runAfter": {
            "Get_Operational_User_Details": [
              "Succeeded"
            ]
          },
          "metadata": {
            "operationMetadataId": "96f26725-a7b8-4ff6-af48-7c71cd00865a"
          },
          "type": "OpenApiConnection",
          "inputs": {
            "host": {
              "connectionName": "shared_commondataserviceforapps_1",
              "operationId": "GetItem",
              "apiId": "/providers/Microsoft.PowerApps/apis/shared_commondataserviceforapps"
            },
            "parameters": {
              "entityName": "systemusers",
              "recordId": "@outputs('Create_a_New_Case')?['body/_createdby_value']"
            },
            "authentication": {
              "type": "Raw",
              "value": "@json(decodeBase64(triggerOutputs().headers['X-MS-APIM-Tokens']))['$ConnectionKey']"
            }
          }
        },
        "Send_Email": {
          "runAfter": {
            "Create_a_new_Email": [
              "Succeeded"
            ]
          },
          "metadata": {
            "operationMetadataId": "8b06beca-b613-4933-ace2-77edb0f0f5cb"
          },
          "type": "OpenApiConnection",
          "inputs": {
            "host": {
              "connectionName": "shared_commondataserviceforapps_1",
              "operationId": "PerformBoundAction",
              "apiId": "/providers/Microsoft.PowerApps/apis/shared_commondataserviceforapps"
            },
            "parameters": {
              "entityName": "emails",
              "actionName": "Microsoft.Dynamics.CRM.SendEmail",
              "recordId": "@outputs('Create_a_new_Email')?['body/activityid']",
              "item/IssueSend": true
            },
            "authentication": {
              "type": "Raw",
              "value": "@json(decodeBase64(triggerOutputs().headers['X-MS-APIM-Tokens']))['$ConnectionKey']"
            }
          }
        }
      }
    },
    "templateName": "ab12caeaa14d4fa48730b2ab650aac2a"
  },
  "schemaVersion": "1.0.0.0"
}