<ImportExportXml version="9.2.24102.152" SolutionPackageVersion="9.2" languagecode="1033" generatedBy="CrmLive" xmlns:xsi="http://www.w3.org/2001/XMLSchema-instance" OrganizationVersion="9.2.24102.152" OrganizationSchemaType="Full" CRMServerServiceabilityVersion="9.2.24103.00192">
  <SolutionManifest>
    <UniqueName>CodingChallengesolution</UniqueName>
    <LocalizedNames>
      <LocalizedName description="Coding Challenge solution" languagecode="1033" />
    </LocalizedNames>
    <Descriptions>
      <Description description="TFL Coding Challenge" languagecode="1033" />
    </Descriptions>
    <Version>1.0.0.5</Version>
    <Managed>0</Managed>
    <Publisher>
      <UniqueName>TransportForLondon</UniqueName>
      <LocalizedNames>
        <LocalizedName description="Transport For London" languagecode="1033" />
      </LocalizedNames>
      <Descriptions />
      <EMailAddress xsi:nil="true"></EMailAddress>
      <SupportingWebsiteUrl xsi:nil="true"></SupportingWebsiteUrl>
      <CustomizationPrefix>tfl</CustomizationPrefix>
      <CustomizationOptionValuePrefix>92970</CustomizationOptionValuePrefix>
      <Addresses>
        <Address>
          <AddressNumber>1</AddressNumber>
          <AddressTypeCode>1</AddressTypeCode>
          <City xsi:nil="true"></City>
          <County xsi:nil="true"></County>
          <Country xsi:nil="true"></Country>
          <Fax xsi:nil="true"></Fax>
          <FreightTermsCode xsi:nil="true"></FreightTermsCode>
          <ImportSequenceNumber xsi:nil="true"></ImportSequenceNumber>
          <Latitude xsi:nil="true"></Latitude>
          <Line1 xsi:nil="true"></Line1>
          <Line2 xsi:nil="true"></Line2>
          <Line3 xsi:nil="true"></Line3>
          <Longitude xsi:nil="true"></Longitude>
          <Name xsi:nil="true"></Name>
          <PostalCode xsi:nil="true"></PostalCode>
          <PostOfficeBox xsi:nil="true"></PostOfficeBox>
          <PrimaryContactName xsi:nil="true"></PrimaryContactName>
          <ShippingMethodCode>1</ShippingMethodCode>
          <StateOrProvince xsi:nil="true"></StateOrProvince>
          <Telephone1 xsi:nil="true"></Telephone1>
          <Telephone2 xsi:nil="true"></Telephone2>
          <Telephone3 xsi:nil="true"></Telephone3>
          <TimeZoneRuleVersionNumber xsi:nil="true"></TimeZoneRuleVersionNumber>
          <UPSZone xsi:nil="true"></UPSZone>
          <UTCOffset xsi:nil="true"></UTCOffset>
          <UTCConversionTimeZoneCode xsi:nil="true"></UTCConversionTimeZoneCode>
        </Address>
        <Address>
          <AddressNumber>2</AddressNumber>
          <AddressTypeCode>1</AddressTypeCode>
          <City xsi:nil="true"></City>
          <County xsi:nil="true"></County>
          <Country xsi:nil="true"></Country>
          <Fax xsi:nil="true"></Fax>
          <FreightTermsCode xsi:nil="true"></FreightTermsCode>
          <ImportSequenceNumber xsi:nil="true"></ImportSequenceNumber>
          <Latitude xsi:nil="true"></Latitude>
          <Line1 xsi:nil="true"></Line1>
          <Line2 xsi:nil="true"></Line2>
          <Line3 xsi:nil="true"></Line3>
          <Longitude xsi:nil="true"></Longitude>
          <Name xsi:nil="true"></Name>
          <PostalCode xsi:nil="true"></PostalCode>
          <PostOfficeBox xsi:nil="true"></PostOfficeBox>
          <PrimaryContactName xsi:nil="true"></PrimaryContactName>
          <ShippingMethodCode>1</ShippingMethodCode>
          <StateOrProvince xsi:nil="true"></StateOrProvince>
          <Telephone1 xsi:nil="true"></Telephone1>
          <Telephone2 xsi:nil="true"></Telephone2>
          <Telephone3 xsi:nil="true"></Telephone3>
          <TimeZoneRuleVersionNumber xsi:nil="true"></TimeZoneRuleVersionNumber>
          <UPSZone xsi:nil="true"></UPSZone>
          <UTCOffset xsi:nil="true"></UTCOffset>
          <UTCConversionTimeZoneCode xsi:nil="true"></UTCConversionTimeZoneCode>
        </Address>
      </Addresses>
    </Publisher>
    <RootComponents>
      <RootComponent type="1" schemaName="incident" behavior="1" />
      <RootComponent type="1" schemaName="tfl_observation" behavior="0" />
      <RootComponent type="9" schemaName="tfl_safetycritical" behavior="0" />
      <RootComponent type="20" id="{199613ca-4894-ef11-8a69-002248d4bbce}" behavior="0" />
      <RootComponent type="20" id="{dd67459a-4894-ef11-8a69-002248d4bbce}" behavior="0" />
      <RootComponent type="29" id="{711cb83a-b899-ef11-8a69-7c1e5232e6ba}" behavior="0" />
      <RootComponent type="29" id="{b3ff4b0e-8798-ef11-8a68-7c1e5232e6ba}" behavior="0" />
      <RootComponent type="29" id="{dbc48b89-5494-ef11-8a69-002248d4bbce}" behavior="0" />
      <RootComponent type="60" id="{2bc389ef-4994-ef11-8a69-002248d4bbce}" behavior="0" />
      <RootComponent type="61" schemaName="tfl_logo.jpg" behavior="0" />
      <RootComponent type="62" schemaName="tfl_ObservationsModelDrivenApp" behavior="0" />
      <RootComponent type="80" schemaName="tfl_ObservationsModelDrivenApp" behavior="0" />
      <RootComponent type="91" id="{125459a3-bade-4324-8565-8ba7536e4d57}" schemaName="TFL.Plugins, Version=1.0.0.0, Culture=neutral, PublicKeyToken=139d9e89e9abc61e" behavior="0" />
      <RootComponent type="92" id="{f39a9a9b-f494-ef11-8a68-7c1e5232e6ba}" behavior="0" />
      <RootComponent type="300" schemaName="tfl_observationscanvasapp_70bb0" behavior="0" />
    </RootComponents>
    <MissingDependencies>
      <MissingDependency>
        <Required type="1" schemaName="incident" displayName="Case" solution="msdynce_Service (9.0.5.56)">
          <package>msdynce_ServiceAnchor (9.0.24102.1002)</package>
          <package>msdynce_ServiceAnchor (9.0.24102.1002)</package>
        </Required>
        <Dependent type="1" schemaName="incident" displayName="Case" />
      </MissingDependency>
      <MissingDependency>
        <Required type="1" schemaName="incident" displayName="Case" solution="msdynce_Service (9.0.5.56)">
          <package>msdynce_ServiceAnchor (9.0.24102.1002)</package>
          <package>msdynce_ServiceAnchor (9.0.24102.1002)</package>
        </Required>
        <Dependent type="26" schemaName="Active Linked Observation Cases " displayName="Active Linked Observation Cases " parentSchemaName="incident" parentDisplayName="Case" id="{59445394-6299-ef11-8a69-7c1e5232e6ba}" />
      </MissingDependency>
      <MissingDependency>
        <Required type="1" schemaName="incident" displayName="Case" solution="msdynce_Service (9.0.5.56)">
          <package>msdynce_ServiceAnchor (9.0.24102.1002)</package>
          <package>msdynce_ServiceAnchor (9.0.24102.1002)</package>
        </Required>
        <Dependent type="26" schemaName="Resolved Linked Observation Cases " displayName="Resolved Linked Observation Cases " parentSchemaName="incident" parentDisplayName="Case" id="{dff32eb8-6299-ef11-8a69-7c1e5232e6ba}" />
      </MissingDependency>
      <MissingDependency>
        <Required type="1" schemaName="incident" displayName="Case" solution="msdynce_Service (9.0.5.56)">
          <package>msdynce_ServiceAnchor (9.0.24102.1002)</package>
          <package>msdynce_ServiceAnchor (9.0.24102.1002)</package>
        </Required>
        <Dependent type="29" displayName="TFL.Observation.ConvertObservationToCase" id="{dbc48b89-5494-ef11-8a69-002248d4bbce}" />
      </MissingDependency>
      <MissingDependency>
        <Required type="1" schemaName="incident" displayName="Case" solution="msdynce_Service (9.0.5.56)">
          <package>msdynce_ServiceAnchor (9.0.24102.1002)</package>
          <package>msdynce_ServiceAnchor (9.0.24102.1002)</package>
        </Required>
        <Dependent type="60" displayName="Operational Manager Dashboard" id="{2bc389ef-4994-ef11-8a69-002248d4bbce}" />
      </MissingDependency>
      <MissingDependency>
        <Required type="2" schemaName="caseorigincode" displayName="Origin" parentSchemaName="incident" parentDisplayName="Case" solution="msdynce_Service (9.0.5.56)">
          <package>msdynce_ServiceAnchor (9.0.24102.1002)</package>
          <package>msdynce_ServiceAnchor (9.0.24102.1002)</package>
        </Required>
        <Dependent type="26" schemaName="Active Linked Observation Cases " displayName="Active Linked Observation Cases " parentSchemaName="incident" parentDisplayName="Case" id="{59445394-6299-ef11-8a69-7c1e5232e6ba}" />
      </MissingDependency>
      <MissingDependency>
        <Required type="2" schemaName="caseorigincode" displayName="Origin" parentSchemaName="incident" parentDisplayName="Case" solution="msdynce_Service (9.0.5.56)">
          <package>msdynce_ServiceAnchor (9.0.24102.1002)</package>
          <package>msdynce_ServiceAnchor (9.0.24102.1002)</package>
        </Required>
        <Dependent type="26" schemaName="Resolved Linked Observation Cases " displayName="Resolved Linked Observation Cases " parentSchemaName="incident" parentDisplayName="Case" id="{dff32eb8-6299-ef11-8a69-7c1e5232e6ba}" />
      </MissingDependency>
      <MissingDependency>
        <Required type="2" schemaName="createdon" displayName="Created On" parentSchemaName="incident" parentDisplayName="Case" solution="msdynce_Service (9.0.5.56)">
          <package>msdynce_ServiceAnchor (9.0.24102.1002)</package>
          <package>msdynce_ServiceAnchor (9.0.24102.1002)</package>
        </Required>
        <Dependent type="26" schemaName="Active Linked Observation Cases " displayName="Active Linked Observation Cases " parentSchemaName="incident" parentDisplayName="Case" id="{59445394-6299-ef11-8a69-7c1e5232e6ba}" />
      </MissingDependency>
      <MissingDependency>
        <Required type="2" schemaName="createdon" displayName="Created On" parentSchemaName="incident" parentDisplayName="Case" solution="msdynce_Service (9.0.5.56)">
          <package>msdynce_ServiceAnchor (9.0.24102.1002)</package>
          <package>msdynce_ServiceAnchor (9.0.24102.1002)</package>
        </Required>
        <Dependent type="26" schemaName="Resolved Linked Observation Cases " displayName="Resolved Linked Observation Cases " parentSchemaName="incident" parentDisplayName="Case" id="{dff32eb8-6299-ef11-8a69-7c1e5232e6ba}" />
      </MissingDependency>
      <MissingDependency>
        <Required type="2" schemaName="customerid" displayName="Customer" parentSchemaName="incident" parentDisplayName="Case" solution="msdynce_Service (9.0.5.56)">
          <package>msdynce_ServiceAnchor (9.0.24102.1002)</package>
          <package>msdynce_ServiceAnchor (9.0.24102.1002)</package>
        </Required>
        <Dependent type="26" schemaName="Active Linked Observation Cases " displayName="Active Linked Observation Cases " parentSchemaName="incident" parentDisplayName="Case" id="{59445394-6299-ef11-8a69-7c1e5232e6ba}" />
      </MissingDependency>
      <MissingDependency>
        <Required type="2" schemaName="customerid" displayName="Customer" parentSchemaName="incident" parentDisplayName="Case" solution="msdynce_Service (9.0.5.56)">
          <package>msdynce_ServiceAnchor (9.0.24102.1002)</package>
          <package>msdynce_ServiceAnchor (9.0.24102.1002)</package>
        </Required>
        <Dependent type="26" schemaName="Resolved Linked Observation Cases " displayName="Resolved Linked Observation Cases " parentSchemaName="incident" parentDisplayName="Case" id="{dff32eb8-6299-ef11-8a69-7c1e5232e6ba}" />
      </MissingDependency>
      <MissingDependency>
        <Required type="2" schemaName="incidentid" displayName="Case" parentSchemaName="incident" parentDisplayName="Case" solution="msdynce_Service (9.0.5.56)">
          <package>msdynce_ServiceAnchor (9.0.24102.1002)</package>
          <package>msdynce_ServiceAnchor (9.0.24102.1002)</package>
        </Required>
        <Dependent type="26" schemaName="Active Linked Observation Cases " displayName="Active Linked Observation Cases " parentSchemaName="incident" parentDisplayName="Case" id="{59445394-6299-ef11-8a69-7c1e5232e6ba}" />
      </MissingDependency>
      <MissingDependency>
        <Required type="2" schemaName="incidentid" displayName="Case" parentSchemaName="incident" parentDisplayName="Case" solution="msdynce_Service (9.0.5.56)">
          <package>msdynce_ServiceAnchor (9.0.24102.1002)</package>
          <package>msdynce_ServiceAnchor (9.0.24102.1002)</package>
        </Required>
        <Dependent type="26" schemaName="Resolved Linked Observation Cases " displayName="Resolved Linked Observation Cases " parentSchemaName="incident" parentDisplayName="Case" id="{dff32eb8-6299-ef11-8a69-7c1e5232e6ba}" />
      </MissingDependency>
      <MissingDependency>
        <Required type="2" schemaName="ownerid" displayName="Owner" parentSchemaName="incident" parentDisplayName="Case" solution="msdynce_Service (9.0.5.56)">
          <package>msdynce_ServiceAnchor (9.0.24102.1002)</package>
          <package>msdynce_ServiceAnchor (9.0.24102.1002)</package>
        </Required>
        <Dependent type="26" schemaName="Active Linked Observation Cases " displayName="Active Linked Observation Cases " parentSchemaName="incident" parentDisplayName="Case" id="{59445394-6299-ef11-8a69-7c1e5232e6ba}" />
      </MissingDependency>
      <MissingDependency>
        <Required type="2" schemaName="ownerid" displayName="Owner" parentSchemaName="incident" parentDisplayName="Case" solution="msdynce_Service (9.0.5.56)">
          <package>msdynce_ServiceAnchor (9.0.24102.1002)</package>
          <package>msdynce_ServiceAnchor (9.0.24102.1002)</package>
        </Required>
        <Dependent type="26" schemaName="Resolved Linked Observation Cases " displayName="Resolved Linked Observation Cases " parentSchemaName="incident" parentDisplayName="Case" id="{dff32eb8-6299-ef11-8a69-7c1e5232e6ba}" />
      </MissingDependency>
      <MissingDependency>
        <Required type="2" schemaName="prioritycode" displayName="Priority" parentSchemaName="incident" parentDisplayName="Case" solution="msdynce_Service (9.0.5.56)">
          <package>msdynce_ServiceAnchor (9.0.24102.1002)</package>
          <package>msdynce_ServiceAnchor (9.0.24102.1002)</package>
        </Required>
        <Dependent type="26" schemaName="Active Linked Observation Cases " displayName="Active Linked Observation Cases " parentSchemaName="incident" parentDisplayName="Case" id="{59445394-6299-ef11-8a69-7c1e5232e6ba}" />
      </MissingDependency>
      <MissingDependency>
        <Required type="2" schemaName="prioritycode" displayName="Priority" parentSchemaName="incident" parentDisplayName="Case" solution="msdynce_Service (9.0.5.56)">
          <package>msdynce_ServiceAnchor (9.0.24102.1002)</package>
          <package>msdynce_ServiceAnchor (9.0.24102.1002)</package>
        </Required>
        <Dependent type="26" schemaName="Resolved Linked Observation Cases " displayName="Resolved Linked Observation Cases " parentSchemaName="incident" parentDisplayName="Case" id="{dff32eb8-6299-ef11-8a69-7c1e5232e6ba}" />
      </MissingDependency>
      <MissingDependency>
        <Required type="2" schemaName="statecode" displayName="Status" parentSchemaName="incident" parentDisplayName="Case" solution="msdynce_Service (9.0.5.56)">
          <package>msdynce_ServiceAnchor (9.0.24102.1002)</package>
          <package>msdynce_ServiceAnchor (9.0.24102.1002)</package>
        </Required>
        <Dependent type="26" schemaName="Active Linked Observation Cases " displayName="Active Linked Observation Cases " parentSchemaName="incident" parentDisplayName="Case" id="{59445394-6299-ef11-8a69-7c1e5232e6ba}" />
      </MissingDependency>
      <MissingDependency>
        <Required type="2" schemaName="statecode" displayName="Status" parentSchemaName="incident" parentDisplayName="Case" solution="msdynce_Service (9.0.5.56)">
          <package>msdynce_ServiceAnchor (9.0.24102.1002)</package>
          <package>msdynce_ServiceAnchor (9.0.24102.1002)</package>
        </Required>
        <Dependent type="26" schemaName="Resolved Linked Observation Cases " displayName="Resolved Linked Observation Cases " parentSchemaName="incident" parentDisplayName="Case" id="{dff32eb8-6299-ef11-8a69-7c1e5232e6ba}" />
      </MissingDependency>
      <MissingDependency>
        <Required type="2" schemaName="statuscode" displayName="Status Reason" parentSchemaName="incident" parentDisplayName="Case" solution="msdynce_Service (9.0.5.56)">
          <package>msdynce_ServiceAnchor (9.0.24102.1002)</package>
          <package>msdynce_ServiceAnchor (9.0.24102.1002)</package>
        </Required>
        <Dependent type="26" schemaName="Active Linked Observation Cases " displayName="Active Linked Observation Cases " parentSchemaName="incident" parentDisplayName="Case" id="{59445394-6299-ef11-8a69-7c1e5232e6ba}" />
      </MissingDependency>
      <MissingDependency>
        <Required type="2" schemaName="statuscode" displayName="Status Reason" parentSchemaName="incident" parentDisplayName="Case" solution="msdynce_Service (9.0.5.56)">
          <package>msdynce_ServiceAnchor (9.0.24102.1002)</package>
          <package>msdynce_ServiceAnchor (9.0.24102.1002)</package>
        </Required>
        <Dependent type="26" schemaName="Resolved Linked Observation Cases " displayName="Resolved Linked Observation Cases " parentSchemaName="incident" parentDisplayName="Case" id="{dff32eb8-6299-ef11-8a69-7c1e5232e6ba}" />
      </MissingDependency>
      <MissingDependency>
        <Required type="2" schemaName="ticketnumber" displayName="Case Number" parentSchemaName="incident" parentDisplayName="Case" solution="msdynce_Service (9.0.5.56)">
          <package>msdynce_ServiceAnchor (9.0.24102.1002)</package>
          <package>msdynce_ServiceAnchor (9.0.24102.1002)</package>
        </Required>
        <Dependent type="26" schemaName="Active Linked Observation Cases " displayName="Active Linked Observation Cases " parentSchemaName="incident" parentDisplayName="Case" id="{59445394-6299-ef11-8a69-7c1e5232e6ba}" />
      </MissingDependency>
      <MissingDependency>
        <Required type="2" schemaName="ticketnumber" displayName="Case Number" parentSchemaName="incident" parentDisplayName="Case" solution="msdynce_Service (9.0.5.56)">
          <package>msdynce_ServiceAnchor (9.0.24102.1002)</package>
          <package>msdynce_ServiceAnchor (9.0.24102.1002)</package>
        </Required>
        <Dependent type="26" schemaName="Resolved Linked Observation Cases " displayName="Resolved Linked Observation Cases " parentSchemaName="incident" parentDisplayName="Case" id="{dff32eb8-6299-ef11-8a69-7c1e5232e6ba}" />
      </MissingDependency>
      <MissingDependency>
        <Required type="2" schemaName="title" displayName="Case Title" parentSchemaName="incident" parentDisplayName="Case" solution="msdynce_Service (9.0.5.56)">
          <package>msdynce_ServiceAnchor (9.0.24102.1002)</package>
          <package>msdynce_ServiceAnchor (9.0.24102.1002)</package>
        </Required>
        <Dependent type="10" schemaName="tfl_observation_LinkedCase_incident" displayName="tfl_observation_LinkedCase_incident" parentSchemaName="incident" parentDisplayName="Case" />
      </MissingDependency>
      <MissingDependency>
        <Required type="2" schemaName="title" displayName="Case Title" parentSchemaName="incident" parentDisplayName="Case" solution="msdynce_Service (9.0.5.56)">
          <package>msdynce_ServiceAnchor (9.0.24102.1002)</package>
          <package>msdynce_ServiceAnchor (9.0.24102.1002)</package>
        </Required>
        <Dependent type="26" schemaName="Active Linked Observation Cases " displayName="Active Linked Observation Cases " parentSchemaName="incident" parentDisplayName="Case" id="{59445394-6299-ef11-8a69-7c1e5232e6ba}" />
      </MissingDependency>
      <MissingDependency>
        <Required type="2" schemaName="title" displayName="Case Title" parentSchemaName="incident" parentDisplayName="Case" solution="msdynce_Service (9.0.5.56)">
          <package>msdynce_ServiceAnchor (9.0.24102.1002)</package>
          <package>msdynce_ServiceAnchor (9.0.24102.1002)</package>
        </Required>
        <Dependent type="26" schemaName="Resolved Linked Observation Cases " displayName="Resolved Linked Observation Cases " parentSchemaName="incident" parentDisplayName="Case" id="{dff32eb8-6299-ef11-8a69-7c1e5232e6ba}" />
      </MissingDependency>
      <MissingDependency>
        <Required type="59" schemaName="Active Cases by Agent" displayName="Active Cases by Agent" parentSchemaName="incident" parentDisplayName="Case" solution="msdynce_Service (9.0.5.56)" id="{4143b74e-4a07-4d01-9ffe-2cdcaa4208fd}">
          <package>msdynce_ServiceAnchor (9.0.24102.1002)</package>
          <package>msdynce_ServiceAnchor (9.0.24102.1002)</package>
        </Required>
        <Dependent type="60" displayName="Operational Manager Dashboard" id="{2bc389ef-4994-ef11-8a69-002248d4bbce}" />
      </MissingDependency>
      <MissingDependency>
        <Required type="61" schemaName="msdyn_/Images/AppModule_Default_Icon.png" displayName="msdyn_/Images/AppModule_Default_Icon.png" solution="AppModuleWebResources (2.5)">
          <package>AppModuleWebResources (2.5)</package>
        </Required>
        <Dependent type="80" schemaName="tfl_ObservationsModelDrivenApp" displayName="Observations" />
      </MissingDependency>
      <MissingDependency>
        <Required type="SettingDefinition" displayName="AppChannel" solution="msdyn_AppFrameworkInfraExtensions (1.0.0.12)" id.uniquename="AppChannel">
          <package>PowerAppsAppFramework_Anchor (1.0.0.16)</package>
        </Required>
        <Dependent type="AppSetting" displayName="parentappmoduleid.uniquename=tfl_ObservationsModelDrivenApp,settingdefinitionid.uniquename=AppChannel" id.parentappmoduleid.uniquename="tfl_ObservationsModelDrivenApp" id.settingdefinitionid.uniquename="AppChannel" />
      </MissingDependency>
    </MissingDependencies>
  </SolutionManifest>
</ImportExportXml>