{
  "properties": {
    "connectionReferences": {
      "shared_commondataserviceforapps": {
        "runtimeSource": "embedded",
        "connection": {
          "connectionReferenceLogicalName": "tfl_DataverseConnectionReference"
        },
        "api": {
          "name": "shared_commondataserviceforapps"
        }
      }
    },
    "definition": {
      "$schema": "https://schema.management.azure.com/providers/Microsoft.Logic/schemas/2016-06-01/workflowdefinition.json#",
      "contentVersion": "1.0.0.0",
      "parameters": {
        "$connections": {
          "defaultValue": {},
          "type": "Object"
        },
        "$authentication": {
          "defaultValue": {},
          "type": "SecureObject"
        }
      },
      "triggers": {
        "manual": {
          "metadata": {
            "operationMetadataId": "894b69f2-956a-4a69-8525-0deb457fa81b"
          },
          "type": "Request",
          "kind": "PowerAppV2",
          "inputs": {
            "schema": {
              "type": "object",
              "properties": {
                "text": {
                  "title": "ObservationID",
                  "type": "string",
                  "x-ms-dynamically-added": true,
                  "description": "Please enter your input",
                  "x-ms-content-hint": "TEXT"
                },
                "text_1": {
                  "title": "ImageData",
                  "type": "string",
                  "x-ms-dynamically-added": true,
                  "description": "Please enter your input",
                  "x-ms-content-hint": "TEXT"
                },
                "text_3": {
                  "title": "FileName",
                  "type": "string",
                  "x-ms-dynamically-added": true,
                  "description": "Please enter your input",
                  "x-ms-content-hint": "TEXT"
                }
              },
              "required": [
                "text",
                "text_1",
                "text_3"
              ]
            }
          }
        }
      },
      "actions": {
        "Respond_to_a_Power_App_or_flow": {
          "runAfter": {
            "Create_Notes": [
              "Succeeded"
            ]
          },
          "metadata": {
            "operationMetadataId": "2b89d4a7-8810-452b-a0af-3579315d2e52"
          },
          "type": "Response",
          "kind": "PowerApp",
          "inputs": {
            "statusCode": 200,
            "body": {
              "recordcreate": "true"
            },
            "schema": {
              "type": "object",
              "properties": {
                "recordcreate": {
                  "title": "recordCreate",
                  "x-ms-dynamically-added": true,
                  "type": "string"
                }
              }
            }
          }
        },
        "Get_Observation_Record": {
          "runAfter": {
            "Initialize_base64ImageString": [
              "Succeeded"
            ]
          },
          "metadata": {
            "operationMetadataId": "a0bc9640-89fe-45d9-ad24-10451a8c938f"
          },
          "type": "OpenApiConnection",
          "inputs": {
            "host": {
              "connectionName": "shared_commondataserviceforapps",
              "operationId": "GetItem",
              "apiId": "/providers/Microsoft.PowerApps/apis/shared_commondataserviceforapps"
            },
            "parameters": {
              "entityName": "tfl_observations",
              "recordId": "@triggerBody()['text']"
            },
            "authentication": "@parameters('$authentication')"
          }
        },
        "Create_Notes": {
          "runAfter": {
            "Get_Observation_Record": [
              "Succeeded"
            ]
          },
          "metadata": {
            "operationMetadataId": "6aa4b325-dce6-41ef-a81c-7cfd04a3c56a"
          },
          "type": "OpenApiConnection",
          "inputs": {
            "host": {
              "connectionName": "shared_commondataserviceforapps",
              "operationId": "CreateRecord",
              "apiId": "/providers/Microsoft.PowerApps/apis/shared_commondataserviceforapps"
            },
            "parameters": {
              "entityName": "annotations",
              "item/subject": "@outputs('Get_Observation_Record')?['body/tfl_observationsubject']",
              "item/notetext": "@outputs('Get_Observation_Record')?['body/tfl_observationdescription']",
              "item/isdocument": true,
              "item/documentbody": "@variables('base64ImageString')",
              "item/filename": "@triggerBody()['text_3']",
              "item/mimetype": "image/png",
              "item/objectid_tfl_observation@odata.bind": "/tfl_observations(@{outputs('Get_Observation_Record')?['body/tfl_observationid']})"
            },
            "authentication": "@parameters('$authentication')"
          }
        },
        "Respond_to_a_Power_App_or_flow_2": {
          "runAfter": {
            "Create_Notes": [
              "Failed"
            ]
          },
          "metadata": {
            "operationMetadataId": "2b89d4a7-8810-452b-a0af-3579315d2e52"
          },
          "type": "Response",
          "kind": "PowerApp",
          "inputs": {
            "statusCode": 200,
            "body": {
              "recordcreate": "false"
            },
            "schema": {
              "type": "object",
              "properties": {
                "recordcreate": {
                  "title": "recordCreate",
                  "x-ms-dynamically-added": true,
                  "type": "string"
                }
              }
            }
          }
        },
        "Initialize_base64ImageString": {
          "runAfter": {},
          "metadata": {
            "operationMetadataId": "0fe7029f-550a-48aa-a7b9-5558d0afd422"
          },
          "type": "InitializeVariable",
          "inputs": {
            "variables": [
              {
                "name": "base64ImageString",
                "type": "string",
                "value": "@{substring(triggerBody()['text_1'], 0, sub(length(triggerBody()['text_1']), 1))\r\n}"
              }
            ]
          }
        }
      }
    },
    "templateName": ""
  },
  "schemaVersion": "1.0.0.0"
}